{"cameraMode":{"drawMode":0,"name":"Shaded","section":"Shading Mode"},"sceneLighting":true,"audioPlay":false,"sceneViewState":{"m_AlwaysRefresh":false,"showFog":true,"showSkybox":true,"showFlares":true,"showImageEffects":true,"showParticleSystems":true,"showVisualEffectGraphs":true,"m_FxEnabled":true},"in2DMode":false,"pivot":{"x":2.83557391166687,"y":5.554343223571777,"z":-2.8883349895477297},"rotation":{"x":0.4281344711780548,"y":-0.09229971468448639,"z":0.045803364366292956,"w":0.8978195190429688},"size":0.7776273488998413,"orthographic":false}