{"cameraMode":{"drawMode":0,"name":"Shaded","section":"Shading Mode"},"sceneLighting":true,"audioPlay":false,"sceneViewState":{"m_AlwaysRefresh":false,"showFog":true,"showSkybox":true,"showFlares":true,"showImageEffects":true,"showParticleSystems":true,"showVisualEffectGraphs":true,"m_FxEnabled":true},"in2DMode":false,"pivot":{"x":6.548318862915039,"y":16.470321655273439,"z":-0.4713725447654724},"rotation":{"x":-0.6735751032829285,"y":-0.011708593927323819,"z":0.008499734103679657,"w":-0.7389424443244934},"size":3.8673360347747804,"orthographic":false}