{"cameraMode":{"drawMode":0,"name":"Shaded","section":"Shading Mode"},"sceneLighting":false,"audioPlay":false,"sceneViewState":{"m_AlwaysRefresh":false,"showFog":true,"showSkybox":false,"showFlares":true,"showImageEffects":true,"showParticleSystems":true,"showVisualEffectGraphs":true,"m_FxEnabled":true},"in2DMode":false,"pivot":{"x":-0.4825094938278198,"y":0.017012428492307664,"z":-0.49431777000427248},"rotation":{"x":0.002701955148950219,"y":-0.7947565913200378,"z":0.6068686842918396,"w":0.0062240236438810829},"size":0.6880112886428833,"orthographic":false}