{"cameraMode":{"drawMode":0,"name":"Shaded","section":"Shading Mode"},"sceneLighting":false,"audioPlay":false,"sceneViewState":{"m_AlwaysRefresh":false,"showFog":true,"showSkybox":false,"showFlares":true,"showImageEffects":true,"showParticleSystems":true,"showVisualEffectGraphs":true,"m_FxEnabled":true},"in2DMode":false,"pivot":{"x":-1.4961071014404297,"y":0.049078572541475299,"z":-1.499115228652954},"rotation":{"x":0.002701955148950219,"y":-0.7947565913200378,"z":0.6068686842918396,"w":0.0062240236438810829},"size":2.1097798347473146,"orthographic":false}